PRAGMA foreign_keys=OFF;
BEGIN TRANSACTION;
CREATE TABLE IF NOT EXISTS "migrations" ("id" integer primary key autoincrement not null, "migration" varchar not null, "batch" integer not null);
INSERT INTO migrations VALUES(1,'0001_01_01_000000_create_users_table',1);
INSERT INTO migrations VALUES(2,'0001_01_01_000001_create_cache_table',1);
INSERT INTO migrations VALUES(3,'0001_01_01_000002_create_jobs_table',1);
INSERT INTO migrations VALUES(4,'2026_07_07_030550_create_sols_table',1);
INSERT INTO migrations VALUES(5,'2026_07_07_032206_create_membres_table',1);
INSERT INTO migrations VALUES(6,'2026_07_07_032938_create_tours_table',1);
INSERT INTO migrations VALUES(7,'2026_07_07_033821_create_cotisations_table',1);
INSERT INTO migrations VALUES(8,'2026_07_07_045242_create_personal_access_tokens_table',1);
INSERT INTO migrations VALUES(9,'2026_07_07_163004_add_user_id_to_sols_table',1);
INSERT INTO migrations VALUES(10,'2026_07_08_080547_add_performance_indexes',1);
CREATE TABLE IF NOT EXISTS "users" ("id" integer primary key autoincrement not null, "name" varchar not null, "email" varchar not null, "email_verified_at" datetime, "password" varchar not null, "remember_token" varchar, "created_at" datetime, "updated_at" datetime);
INSERT INTO users VALUES(1,'mick','mickmard94@gmail.com',NULL,'$2y$12$lmUD7noxOpRe5jjDDzSOM..4o2q5Izn.jarfoeslQv/O3FdtKZwE2',NULL,'2026-07-08 12:06:46','2026-07-08 12:06:46');
CREATE TABLE IF NOT EXISTS "password_reset_tokens" ("email" varchar not null, "token" varchar not null, "created_at" datetime, primary key ("email"));
CREATE TABLE IF NOT EXISTS "sessions" ("id" varchar not null, "user_id" integer, "ip_address" varchar, "user_agent" text, "payload" text not null, "last_activity" integer not null, primary key ("id"));
CREATE TABLE IF NOT EXISTS "cache" ("key" varchar not null, "value" text not null, "expiration" integer not null, primary key ("key"));
CREATE TABLE IF NOT EXISTS "cache_locks" ("key" varchar not null, "owner" varchar not null, "expiration" integer not null, primary key ("key"));
CREATE TABLE IF NOT EXISTS "jobs" ("id" integer primary key autoincrement not null, "queue" varchar not null, "payload" text not null, "attempts" integer not null, "reserved_at" integer, "available_at" integer not null, "created_at" integer not null);
CREATE TABLE IF NOT EXISTS "job_batches" ("id" varchar not null, "name" varchar not null, "total_jobs" integer not null, "pending_jobs" integer not null, "failed_jobs" integer not null, "failed_job_ids" text not null, "options" text, "cancelled_at" integer, "created_at" integer not null, "finished_at" integer, primary key ("id"));
CREATE TABLE IF NOT EXISTS "failed_jobs" ("id" integer primary key autoincrement not null, "uuid" varchar not null, "connection" varchar not null, "queue" varchar not null, "payload" text not null, "exception" text not null, "failed_at" datetime not null default CURRENT_TIMESTAMP);
CREATE TABLE IF NOT EXISTS "membres" ("id" integer primary key autoincrement not null, "sol_id" integer not null, "nom" varchar not null, "telephone" varchar, "ordre_reception" integer not null, "created_at" datetime, "updated_at" datetime, foreign key("sol_id") references "sols"("id") on delete cascade);
INSERT INTO membres VALUES(4,2,'marie','48253134',18,'2026-07-08 12:23:10','2026-07-08 12:30:40');
INSERT INTO membres VALUES(5,2,'arrold','32206476',10,'2026-07-08 12:23:33','2026-07-08 12:23:33');
INSERT INTO membres VALUES(6,2,'ovaldo','12345678',8,'2026-07-08 12:23:59','2026-07-08 12:23:59');
INSERT INTO membres VALUES(7,2,'katia','99999999',3,'2026-07-08 12:25:26','2026-07-08 12:25:26');
INSERT INTO membres VALUES(8,3,'michel','48253134',18,'2026-07-08 12:27:05','2026-07-08 12:27:47');
INSERT INTO membres VALUES(9,3,'arrold','32206476',10,'2026-07-08 12:27:15','2026-07-08 12:27:15');
INSERT INTO membres VALUES(10,3,'ovaldo','12345678',8,'2026-07-08 12:27:25','2026-07-08 12:27:25');
INSERT INTO membres VALUES(11,3,'katia','99999999',3,'2026-07-08 12:27:56','2026-07-08 12:27:56');
INSERT INTO membres VALUES(12,4,'michel','48253134',18,'2026-07-08 12:29:06','2026-07-08 12:29:48');
INSERT INTO membres VALUES(13,4,'arrold','32206476',10,'2026-07-08 12:29:16','2026-07-08 12:29:16');
INSERT INTO membres VALUES(14,4,'ovaldo','12345678',8,'2026-07-08 12:29:26','2026-07-08 12:29:26');
INSERT INTO membres VALUES(15,4,'katia','99999999',3,'2026-07-08 12:29:57','2026-07-08 12:29:57');
INSERT INTO membres VALUES(16,5,'michel','48253134',18,'2026-07-08 12:35:41','2026-07-08 12:36:25');
INSERT INTO membres VALUES(17,5,'arrold','32206476',10,'2026-07-08 12:35:51','2026-07-08 12:35:51');
INSERT INTO membres VALUES(18,5,'ovaldo','12345678',8,'2026-07-08 12:36:02','2026-07-08 12:36:02');
INSERT INTO membres VALUES(19,5,'katia','99999999',3,'2026-07-08 12:36:35','2026-07-08 12:36:35');
CREATE TABLE IF NOT EXISTS "tours" ("id" integer primary key autoincrement not null, "sol_id" integer not null, "numero_tour" integer not null, "membre_beneficiaire_id" integer not null, "date_prevue" date not null, "date_versement" date, "statut" varchar check ("statut" in ('a_venir', 'verse')) not null default 'a_venir', "created_at" datetime, "updated_at" datetime, foreign key("sol_id") references "sols"("id") on delete cascade, foreign key("membre_beneficiaire_id") references "membres"("id") on delete cascade);
INSERT INTO tours VALUES(4,2,15,4,'2027-09-01 00:00:00',NULL,'a_venir','2026-07-08 12:23:10','2026-07-08 12:23:10');
INSERT INTO tours VALUES(5,2,10,5,'2027-04-04 00:00:00',NULL,'a_venir','2026-07-08 12:23:33','2026-07-08 12:23:33');
INSERT INTO tours VALUES(6,2,8,6,'2027-02-03 00:00:00',NULL,'a_venir','2026-07-08 12:23:59','2026-07-08 12:23:59');
INSERT INTO tours VALUES(7,2,3,7,'2026-09-06 00:00:00',NULL,'a_venir','2026-07-08 12:25:26','2026-07-08 12:25:26');
INSERT INTO tours VALUES(8,3,15,8,'2027-09-01 00:00:00',NULL,'a_venir','2026-07-08 12:27:05','2026-07-08 12:27:05');
INSERT INTO tours VALUES(9,3,10,9,'2027-04-04 00:00:00',NULL,'a_venir','2026-07-08 12:27:15','2026-07-08 12:27:15');
INSERT INTO tours VALUES(10,3,8,10,'2027-02-03 00:00:00',NULL,'a_venir','2026-07-08 12:27:25','2026-07-08 12:27:25');
INSERT INTO tours VALUES(11,3,3,11,'2026-09-06 00:00:00',NULL,'a_venir','2026-07-08 12:27:56','2026-07-08 12:27:56');
INSERT INTO tours VALUES(12,4,15,12,'2027-09-01 00:00:00',NULL,'a_venir','2026-07-08 12:29:06','2026-07-08 12:29:06');
INSERT INTO tours VALUES(13,4,10,13,'2027-04-04 00:00:00',NULL,'a_venir','2026-07-08 12:29:16','2026-07-08 12:29:16');
INSERT INTO tours VALUES(14,4,8,14,'2027-02-03 00:00:00',NULL,'a_venir','2026-07-08 12:29:26','2026-07-08 12:29:26');
INSERT INTO tours VALUES(15,4,3,15,'2026-09-06 00:00:00',NULL,'a_venir','2026-07-08 12:29:57','2026-07-08 12:29:57');
INSERT INTO tours VALUES(16,5,15,16,'2027-09-01 00:00:00',NULL,'a_venir','2026-07-08 12:35:41','2026-07-08 12:35:41');
INSERT INTO tours VALUES(17,5,10,17,'2027-04-04 00:00:00',NULL,'a_venir','2026-07-08 12:35:51','2026-07-08 12:35:51');
INSERT INTO tours VALUES(18,5,8,18,'2027-02-03 00:00:00',NULL,'a_venir','2026-07-08 12:36:02','2026-07-08 12:36:02');
INSERT INTO tours VALUES(19,5,3,19,'2026-09-06 00:00:00',NULL,'a_venir','2026-07-08 12:36:35','2026-07-08 12:36:35');
CREATE TABLE IF NOT EXISTS "cotisations" ("id" integer primary key autoincrement not null, "sol_id" integer not null, "membre_id" integer not null, "tour_numero" integer not null, "montant" numeric not null, "date_paiement" date not null, "statut" varchar check ("statut" in ('paye', 'en_retard')) not null default 'paye', "created_at" datetime, "updated_at" datetime, foreign key("sol_id") references "sols"("id") on delete cascade, foreign key("membre_id") references "membres"("id") on delete cascade);
INSERT INTO cotisations VALUES(4,2,4,6,10000,'2026-07-09','paye','2026-07-08 12:24:24','2026-07-08 12:24:24');
INSERT INTO cotisations VALUES(5,2,7,18,10000,'2026-07-10','paye','2026-07-08 12:25:56','2026-07-08 12:25:56');
INSERT INTO cotisations VALUES(6,3,8,6,10000,'2026-07-09','paye','2026-07-08 12:27:38','2026-07-08 12:27:38');
INSERT INTO cotisations VALUES(7,3,11,18,10000,'2026-07-10','paye','2026-07-08 12:28:09','2026-07-08 12:28:09');
INSERT INTO cotisations VALUES(8,4,12,6,10000,'2026-07-09','paye','2026-07-08 12:29:39','2026-07-08 12:29:39');
INSERT INTO cotisations VALUES(9,4,15,18,10000,'2026-07-10','paye','2026-07-08 12:30:10','2026-07-08 12:30:10');
INSERT INTO cotisations VALUES(10,2,4,7,10000,'2026-07-10','paye','2026-07-08 12:30:54','2026-07-08 12:30:54');
INSERT INTO cotisations VALUES(11,5,16,6,10000,'2026-07-09','paye','2026-07-08 12:36:16','2026-07-08 12:36:16');
INSERT INTO cotisations VALUES(12,5,19,18,10000,'2026-07-10','paye','2026-07-08 12:36:48','2026-07-08 12:36:48');
CREATE TABLE IF NOT EXISTS "personal_access_tokens" ("id" integer primary key autoincrement not null, "tokenable_type" varchar not null, "tokenable_id" integer not null, "name" text not null, "token" varchar not null, "abilities" text, "last_used_at" datetime, "expires_at" datetime, "created_at" datetime, "updated_at" datetime);
INSERT INTO personal_access_tokens VALUES(2,'App\Models\User',1,'soltrack','c2e3196c222b7aa77c58287d5a7437531d16b649ad991336fe59ba3528164c2a','["*"]','2026-07-08 13:13:44',NULL,'2026-07-08 12:22:04','2026-07-08 13:13:44');
CREATE TABLE IF NOT EXISTS "sols" ("id" integer primary key autoincrement not null, "nom" varchar not null, "montant_cotisation" numeric not null, "frequence" varchar not null, "nombre_tours" integer not null, "date_debut" date not null, "statut" varchar not null default ('actif'), "created_at" datetime, "updated_at" datetime, "user_id" integer not null, foreign key("user_id") references "users"("id") on delete cascade);
INSERT INTO sols VALUES(2,'Sol Haiti',10000,'hebdomadaire',25,'2026-07-08','actif','2026-07-08 12:22:52','2026-07-08 12:26:19',1);
INSERT INTO sols VALUES(3,'sol Haiti',10000,'hebdomadaire',25,'2026-07-08','actif','2026-07-08 12:26:55','2026-07-08 12:28:17',1);
INSERT INTO sols VALUES(4,'sol Haiti',10000,'hebdomadaire',25,'2026-07-08','actif','2026-07-08 12:28:56','2026-07-08 12:30:18',1);
INSERT INTO sols VALUES(5,'sol Haiti',10000,'hebdomadaire',25,'2026-07-08','actif','2026-07-08 12:35:31','2026-07-08 12:36:57',1);
INSERT INTO sqlite_sequence VALUES('migrations',10);
INSERT INTO sqlite_sequence VALUES('sols',5);
INSERT INTO sqlite_sequence VALUES('users',1);
INSERT INTO sqlite_sequence VALUES('personal_access_tokens',3);
INSERT INTO sqlite_sequence VALUES('membres',19);
INSERT INTO sqlite_sequence VALUES('tours',19);
INSERT INTO sqlite_sequence VALUES('cotisations',12);
CREATE UNIQUE INDEX "users_email_unique" on "users" ("email");
CREATE INDEX "sessions_user_id_index" on "sessions" ("user_id");
CREATE INDEX "sessions_last_activity_index" on "sessions" ("last_activity");
CREATE INDEX "cache_expiration_index" on "cache" ("expiration");
CREATE INDEX "cache_locks_expiration_index" on "cache_locks" ("expiration");
CREATE INDEX "jobs_queue_index" on "jobs" ("queue");
CREATE INDEX "failed_jobs_connection_queue_failed_at_index" on "failed_jobs" ("connection", "queue", "failed_at");
CREATE UNIQUE INDEX "failed_jobs_uuid_unique" on "failed_jobs" ("uuid");
CREATE INDEX "personal_access_tokens_tokenable_type_tokenable_id_index" on "personal_access_tokens" ("tokenable_type", "tokenable_id");
CREATE UNIQUE INDEX "personal_access_tokens_token_unique" on "personal_access_tokens" ("token");
CREATE INDEX "personal_access_tokens_expires_at_index" on "personal_access_tokens" ("expires_at");
COMMIT;
